epoch,train_loss,val_dice_mean,val_dice_median,lr,epoch_time_s
1,0.99527,nan,nan,1.00e-03,135.0
2,0.99469,0.00238,0.00106,1.00e-03,22.5
3,0.99413,nan,nan,9.99e-04,31.0
4,0.99320,0.00474,0.00247,9.99e-04,21.5
5,0.99143,nan,nan,9.98e-04,23.5
6,0.98761,0.00508,0.00266,9.98e-04,20.6
7,0.98024,nan,nan,9.97e-04,22.3
8,0.97159,0.00618,0.00315,9.96e-04,20.2
9,0.96223,nan,nan,9.95e-04,21.5
10,0.95690,0.00673,0.00343,9.94e-04,20.6
11,0.95402,nan,nan,9.93e-04,21.1
12,0.95315,0.00661,0.00336,9.91e-04,21.3
13,0.94991,nan,nan,9.90e-04,22.3
14,0.95034,0.00715,0.00365,9.88e-04,20.8
15,0.94857,nan,nan,9.86e-04,22.6
16,0.94783,0.00716,0.00359,9.84e-04,20.8
17,0.94736,nan,nan,9.82e-04,23.6
18,0.94541,0.00721,0.00362,9.80e-04,20.7
19,0.94645,nan,nan,9.78e-04,22.8
20,0.94999,0.00719,0.00362,9.76e-04,20.8
21,0.94513,nan,nan,9.73e-04,22.5
22,0.94765,0.00729,0.00365,9.70e-04,20.5
23,0.94760,nan,nan,9.68e-04,23.0
24,0.94906,0.00711,0.00359,9.65e-04,20.7
25,0.94760,nan,nan,9.62e-04,22.2
26,0.94659,0.00755,0.00395,9.59e-04,21.3
27,0.85801,nan,nan,9.56e-04,22.6
28,0.62954,0.28118,0.24987,9.52e-04,20.7
29,0.58187,nan,nan,9.49e-04,22.9
30,0.56045,0.26674,0.22963,9.46e-04,20.5
31,0.55506,nan,nan,9.42e-04,23.0
32,0.54334,0.31102,0.26313,9.38e-04,21.0
33,0.54212,nan,nan,9.34e-04,22.2
34,0.51586,0.29924,0.23379,9.30e-04,20.5
35,0.52042,nan,nan,9.26e-04,24.6
36,0.52641,0.38166,0.31426,9.22e-04,21.2
37,0.51708,nan,nan,9.18e-04,22.7
38,0.51319,0.44774,0.46992,9.14e-04,20.8
39,0.52139,nan,nan,9.09e-04,23.7
40,0.50424,0.41591,0.39160,9.05e-04,21.2
41,0.51792,nan,nan,9.00e-04,23.0
42,0.51369,0.48396,0.53647,8.95e-04,20.6
43,0.51969,nan,nan,8.90e-04,22.4
44,0.50554,0.52934,0.58000,8.85e-04,20.7
45,0.50332,nan,nan,8.80e-04,22.9
46,0.50465,0.47547,0.49700,8.75e-04,20.8
47,0.50505,nan,nan,8.70e-04,22.1
48,0.50795,0.47383,0.47650,8.64e-04,20.4
49,0.48352,nan,nan,8.59e-04,21.9
50,0.49968,0.48806,0.54357,8.54e-04,20.7
51,0.50590,nan,nan,8.48e-04,23.0
52,0.47979,0.54278,0.61955,8.42e-04,20.6
53,0.51461,nan,nan,8.37e-04,23.9
54,0.50371,0.41075,0.40092,8.31e-04,20.5
55,0.47656,nan,nan,8.25e-04,23.3
56,0.50112,0.49912,0.51452,8.19e-04,20.9
57,0.49446,nan,nan,8.13e-04,23.1
58,0.48348,0.50389,0.55474,8.06e-04,21.0
59,0.49535,nan,nan,8.00e-04,22.7
60,0.47881,0.47035,0.50884,7.94e-04,20.6
61,0.48558,nan,nan,7.88e-04,22.4
62,0.49333,0.48946,0.51435,7.81e-04,20.9
63,0.48959,nan,nan,7.75e-04,22.6
64,0.49423,0.44355,0.44444,7.68e-04,20.5
65,0.47965,nan,nan,7.61e-04,23.2
66,0.48492,0.43569,0.46353,7.55e-04,21.1
67,0.48354,nan,nan,7.48e-04,22.8
68,0.47872,0.52441,0.52107,7.41e-04,20.8
69,0.48048,nan,nan,7.34e-04,22.8
70,0.48690,0.54355,0.63959,7.27e-04,20.7
71,0.48473,nan,nan,7.20e-04,22.7
72,0.49110,0.52099,0.61215,7.13e-04,22.0
73,0.46981,nan,nan,7.06e-04,23.1
74,0.48901,0.51048,0.60000,6.99e-04,20.7
75,0.48991,nan,nan,6.91e-04,23.8
76,0.49125,0.47399,0.51893,6.84e-04,20.9
77,0.47033,nan,nan,6.77e-04,22.7
78,0.47490,0.56940,0.64858,6.69e-04,20.3
79,0.48932,nan,nan,6.62e-04,22.4
80,0.47823,0.49515,0.52567,6.55e-04,20.7
81,0.48605,nan,nan,6.47e-04,22.5
82,0.48936,0.35225,0.32928,6.39e-04,20.8
83,0.48408,nan,nan,6.32e-04,22.6
84,0.47809,0.55820,0.58537,6.24e-04,20.6
85,0.48290,nan,nan,6.17e-04,22.6
86,0.48068,0.58920,0.71004,6.09e-04,20.4
87,0.48976,nan,nan,6.01e-04,23.2
88,0.48916,0.53315,0.64845,5.94e-04,20.6
89,0.48963,nan,nan,5.86e-04,22.2
90,0.46809,0.57931,0.70503,5.78e-04,21.0
91,0.48550,nan,nan,5.70e-04,23.5
92,0.49829,0.52008,0.56767,5.63e-04,20.5
93,0.47811,nan,nan,5.55e-04,22.8
94,0.47393,0.48932,0.51771,5.47e-04,20.6
95,0.48682,nan,nan,5.39e-04,23.1
96,0.49249,0.43668,0.43683,5.31e-04,20.6
97,0.47507,nan,nan,5.24e-04,22.5
98,0.48340,0.51786,0.60550,5.16e-04,20.7
99,0.48628,nan,nan,5.08e-04,22.3
100,0.47586,0.57738,0.68993,5.00e-04,20.5
101,0.47429,nan,nan,4.92e-04,22.3
102,0.48326,0.59495,0.74274,4.84e-04,20.7
103,0.48761,nan,nan,4.76e-04,22.3
104,0.46277,0.56562,0.65560,4.69e-04,20.6
105,0.47701,nan,nan,4.61e-04,22.2
106,0.48398,0.54276,0.64523,4.53e-04,20.7
107,0.45787,nan,nan,4.45e-04,22.0
108,0.47891,0.51296,0.53147,4.37e-04,20.6
109,0.48578,nan,nan,4.30e-04,24.3
110,0.47292,0.47104,0.50171,4.22e-04,20.5
111,0.47197,nan,nan,4.14e-04,22.0
112,0.47982,0.59206,0.73428,4.06e-04,20.8
113,0.48079,nan,nan,3.99e-04,22.5
114,0.49976,0.61422,0.71415,3.91e-04,21.1
115,0.47081,nan,nan,3.83e-04,22.7
116,0.48859,0.57627,0.70588,3.76e-04,21.0
117,0.47435,nan,nan,3.68e-04,21.6
118,0.47784,0.57253,0.70901,3.61e-04,20.9
119,0.46167,nan,nan,3.53e-04,22.8
120,0.47274,0.56723,0.68760,3.45e-04,21.1
121,0.46385,nan,nan,3.38e-04,22.5
122,0.46912,0.63202,0.72975,3.31e-04,20.8
123,0.44320,nan,nan,3.23e-04,22.2
124,0.42145,0.61076,0.68418,3.16e-04,20.6
125,0.38351,nan,nan,3.09e-04,22.5
126,0.37100,0.65179,0.73709,3.01e-04,20.8
127,0.34032,nan,nan,2.94e-04,22.5
128,0.33784,0.69489,0.77793,2.87e-04,21.7
129,0.33068,nan,nan,2.80e-04,23.2
130,0.30530,0.70153,0.78759,2.73e-04,20.4
131,0.30215,nan,nan,2.66e-04,21.9
132,0.29505,0.66889,0.75808,2.59e-04,20.7
133,0.29794,nan,nan,2.52e-04,22.5
134,0.30394,0.69486,0.77419,2.45e-04,20.3
135,0.27954,nan,nan,2.39e-04,22.3
136,0.27887,0.67847,0.74970,2.32e-04,20.3
137,0.28060,nan,nan,2.25e-04,23.0
138,0.28140,0.69274,0.75812,2.19e-04,21.1
139,0.27899,nan,nan,2.12e-04,22.9
140,0.27346,0.72265,0.78657,2.06e-04,20.8
141,0.27213,nan,nan,2.00e-04,22.9
142,0.27874,0.69860,0.76596,1.94e-04,20.9
143,0.27208,nan,nan,1.87e-04,22.7
144,0.26432,0.68771,0.76190,1.81e-04,21.1
145,0.25724,nan,nan,1.75e-04,22.3
146,0.26148,0.69678,0.77192,1.69e-04,21.5
147,0.26061,nan,nan,1.63e-04,21.9
148,0.25735,0.69474,0.76056,1.58e-04,21.0
149,0.24848,nan,nan,1.52e-04,22.3
150,0.24623,0.69718,0.78338,1.46e-04,21.1
151,0.25813,nan,nan,1.41e-04,22.6
152,0.25237,0.72065,0.79467,1.36e-04,20.5
153,0.24634,nan,nan,1.30e-04,21.7
154,0.25657,0.70577,0.77570,1.25e-04,20.7
155,0.25275,nan,nan,1.20e-04,21.3
156,0.24645,0.70697,0.78318,1.15e-04,20.3
157,0.23607,nan,nan,1.10e-04,22.9
158,0.24156,0.70444,0.79236,1.05e-04,20.7
159,0.25036,nan,nan,1.00e-04,22.4
160,0.23313,0.70196,0.77680,9.55e-05,20.9
161,0.23656,nan,nan,9.09e-05,22.2
162,0.24630,0.70688,0.78546,8.65e-05,20.4
163,0.23101,nan,nan,8.21e-05,22.0
164,0.22754,0.71656,0.78473,7.78e-05,20.6
165,0.22121,nan,nan,7.37e-05,23.1
166,0.22494,0.71173,0.79442,6.96e-05,21.0
167,0.22280,nan,nan,6.57e-05,22.1
168,0.22807,0.71621,0.79749,6.18e-05,20.8
169,0.22458,nan,nan,5.81e-05,22.0
170,0.22513,0.71840,0.79897,5.45e-05,20.8
