epoch,train_loss,val_dice_mean,val_dice_median,lr,epoch_time_s
1,0.99467,nan,nan,1.00e-03,116.3
2,0.99426,0.00336,0.00148,1.00e-03,22.9
3,0.99308,nan,nan,9.99e-04,26.9
4,0.99016,0.00197,0.00090,9.99e-04,21.4
5,0.98630,nan,nan,9.98e-04,22.6
6,0.98005,0.00291,0.00140,9.98e-04,20.8
7,0.97238,nan,nan,9.97e-04,22.1
8,0.96522,0.00546,0.00265,9.96e-04,20.9
9,0.95543,nan,nan,9.95e-04,23.9
10,0.94150,0.00864,0.00410,9.94e-04,21.1
11,0.92279,nan,nan,9.93e-04,23.2
12,0.77566,0.08669,0.05182,9.91e-04,21.1
13,0.61063,nan,nan,9.90e-04,22.9
14,0.57989,0.29546,0.28736,9.88e-04,20.6
15,0.57565,nan,nan,9.86e-04,23.2
16,0.55948,0.28610,0.28033,9.84e-04,21.1
17,0.54577,nan,nan,9.82e-04,23.8
18,0.54331,0.26436,0.24497,9.80e-04,21.2
19,0.53480,nan,nan,9.78e-04,22.3
20,0.54503,0.27581,0.24705,9.76e-04,20.3
21,0.52194,nan,nan,9.73e-04,22.7
22,0.51053,0.38846,0.40000,9.70e-04,21.2
23,0.51366,nan,nan,9.68e-04,24.0
24,0.51772,0.34510,0.34390,9.65e-04,20.6
25,0.51547,nan,nan,9.62e-04,21.4
26,0.49698,0.38334,0.38591,9.59e-04,21.0
27,0.51439,nan,nan,9.56e-04,22.3
28,0.52192,0.39763,0.42439,9.52e-04,21.0
29,0.49163,nan,nan,9.49e-04,22.6
30,0.50703,0.44144,0.50224,9.46e-04,20.9
31,0.51032,nan,nan,9.42e-04,22.1
32,0.50066,0.41979,0.44093,9.38e-04,21.2
33,0.50223,nan,nan,9.34e-04,22.0
34,0.48659,0.45387,0.48825,9.30e-04,20.8
35,0.50530,nan,nan,9.26e-04,22.3
36,0.49969,0.42299,0.46850,9.22e-04,20.4
37,0.50049,nan,nan,9.18e-04,23.1
38,0.48902,0.40699,0.42471,9.14e-04,20.6
39,0.51209,nan,nan,9.09e-04,22.6
40,0.48920,0.42052,0.45874,9.05e-04,20.7
41,0.50271,nan,nan,9.00e-04,23.0
42,0.48786,0.38572,0.37964,8.95e-04,20.6
43,0.48713,nan,nan,8.90e-04,22.2
44,0.48615,0.41076,0.44330,8.85e-04,20.6
45,0.48054,nan,nan,8.80e-04,22.1
46,0.48952,0.40762,0.40585,8.75e-04,20.4
47,0.47345,nan,nan,8.70e-04,22.1
48,0.47839,0.45559,0.50246,8.64e-04,21.0
49,0.49309,nan,nan,8.59e-04,22.5
50,0.50058,0.44923,0.51829,8.54e-04,20.4
51,0.47937,nan,nan,8.48e-04,22.7
52,0.49819,0.46342,0.54088,8.42e-04,20.8
53,0.48547,nan,nan,8.37e-04,21.9
54,0.48675,0.48237,0.55533,8.31e-04,20.7
55,0.48993,nan,nan,8.25e-04,22.0
56,0.48542,0.41859,0.43420,8.19e-04,20.9
57,0.47861,nan,nan,8.13e-04,22.1
58,0.48964,0.36443,0.35617,8.06e-04,20.8
59,0.49014,nan,nan,8.00e-04,22.4
60,0.48778,0.45795,0.51506,7.94e-04,21.7
61,0.48001,nan,nan,7.88e-04,23.1
62,0.48702,0.40604,0.39683,7.81e-04,20.9
63,0.47922,nan,nan,7.75e-04,22.4
64,0.46955,0.46946,0.54377,7.68e-04,21.0
65,0.49196,nan,nan,7.61e-04,22.1
66,0.48199,0.40995,0.40169,7.55e-04,20.8
67,0.48677,nan,nan,7.48e-04,23.1
68,0.47207,0.47374,0.54104,7.41e-04,20.9
69,0.48526,nan,nan,7.34e-04,22.8
70,0.47177,0.43809,0.49080,7.27e-04,20.5
71,0.46366,nan,nan,7.20e-04,22.3
72,0.48372,0.43038,0.50837,7.13e-04,20.3
73,0.47904,nan,nan,7.06e-04,22.2
74,0.47433,0.45443,0.48117,6.99e-04,20.8
75,0.49920,nan,nan,6.91e-04,22.2
76,0.45923,0.49150,0.59371,6.84e-04,20.6
77,0.47753,nan,nan,6.77e-04,22.4
78,0.47836,0.39127,0.39180,6.69e-04,21.0
79,0.46725,nan,nan,6.62e-04,22.7
80,0.48333,0.44951,0.52632,6.55e-04,21.2
81,0.48209,nan,nan,6.47e-04,22.5
82,0.48051,0.43933,0.43210,6.39e-04,20.6
83,0.47955,nan,nan,6.32e-04,22.4
84,0.47058,0.41265,0.41534,6.24e-04,20.7
85,0.45582,nan,nan,6.17e-04,21.7
86,0.47131,0.45455,0.51451,6.09e-04,20.6
87,0.47229,nan,nan,6.01e-04,22.1
88,0.46299,0.43021,0.44063,5.94e-04,20.6
89,0.47709,nan,nan,5.86e-04,22.8
90,0.48226,0.46969,0.54726,5.78e-04,21.0
91,0.46759,nan,nan,5.70e-04,21.8
92,0.45021,0.58756,0.67819,5.63e-04,20.5
93,0.38118,nan,nan,5.55e-04,22.3
94,0.33580,0.57471,0.70543,5.47e-04,20.6
95,0.28383,nan,nan,5.39e-04,22.2
96,0.26343,0.58447,0.68170,5.31e-04,20.5
97,0.25833,nan,nan,5.24e-04,23.5
98,0.25067,0.56800,0.67218,5.16e-04,20.7
99,0.23614,nan,nan,5.08e-04,21.8
100,0.23486,0.54678,0.66673,5.00e-04,20.8
101,0.22390,nan,nan,4.92e-04,21.8
102,0.22398,0.56879,0.69210,4.84e-04,20.8
103,0.22395,nan,nan,4.76e-04,22.4
104,0.22070,0.57756,0.68120,4.69e-04,20.6
105,0.21107,nan,nan,4.61e-04,21.7
106,0.20903,0.60697,0.70968,4.53e-04,20.5
107,0.20321,nan,nan,4.45e-04,22.8
108,0.21000,0.60957,0.67515,4.37e-04,20.9
109,0.20392,nan,nan,4.30e-04,21.8
110,0.20259,0.59879,0.68367,4.22e-04,21.1
111,0.20893,nan,nan,4.14e-04,21.9
112,0.20951,0.60238,0.70899,4.06e-04,20.4
113,0.19387,nan,nan,3.99e-04,22.1
114,0.19700,0.62456,0.73333,3.91e-04,20.8
115,0.19623,nan,nan,3.83e-04,21.5
116,0.19113,0.62543,0.70617,3.76e-04,21.4
117,0.18527,nan,nan,3.68e-04,21.4
118,0.19513,0.62859,0.70000,3.61e-04,20.6
119,0.18905,nan,nan,3.53e-04,21.6
120,0.18647,0.55928,0.66179,3.45e-04,21.1
121,0.18880,nan,nan,3.38e-04,21.0
122,0.18587,0.63877,0.74359,3.31e-04,20.8
123,0.18119,nan,nan,3.23e-04,21.2
124,0.18628,0.60454,0.72043,3.16e-04,20.9
125,0.18449,nan,nan,3.09e-04,21.3
126,0.18331,0.62153,0.71144,3.01e-04,20.5
127,0.18834,nan,nan,2.94e-04,21.0
128,0.18372,0.61732,0.71577,2.87e-04,20.5
129,0.18421,nan,nan,2.80e-04,21.0
130,0.18616,0.62890,0.71429,2.73e-04,20.8
131,0.18296,nan,nan,2.66e-04,21.0
132,0.18302,0.62413,0.74039,2.59e-04,20.5
133,0.17451,nan,nan,2.52e-04,20.5
134,0.16863,0.62840,0.72113,2.45e-04,20.9
135,0.19087,nan,nan,2.39e-04,21.9
136,0.17794,0.63056,0.71429,2.32e-04,21.3
137,0.17676,nan,nan,2.25e-04,22.1
138,0.16594,0.61524,0.72502,2.19e-04,21.4
139,0.17680,nan,nan,2.12e-04,21.4
140,0.18030,0.60308,0.71111,2.06e-04,21.9
141,0.18353,nan,nan,2.00e-04,22.4
142,0.18986,0.58356,0.69217,1.94e-04,21.3
143,0.17621,nan,nan,1.87e-04,21.7
144,0.17357,0.62689,0.73273,1.81e-04,21.2
145,0.16379,nan,nan,1.75e-04,21.7
146,0.16626,0.64307,0.73156,1.69e-04,20.9
147,0.16818,nan,nan,1.63e-04,20.9
148,0.16802,0.63231,0.73741,1.58e-04,21.2
149,0.16861,nan,nan,1.52e-04,21.9
150,0.17978,0.63888,0.72993,1.46e-04,20.6
151,0.16820,nan,nan,1.41e-04,21.2
152,0.18280,0.60989,0.73709,1.36e-04,20.6
153,0.17581,nan,nan,1.30e-04,21.9
154,0.17125,0.61867,0.73333,1.25e-04,21.2
155,0.17127,nan,nan,1.20e-04,22.1
156,0.16490,0.64946,0.74831,1.15e-04,21.3
157,0.15948,nan,nan,1.10e-04,21.6
158,0.16789,0.62214,0.74735,1.05e-04,20.5
159,0.16898,nan,nan,1.00e-04,21.5
160,0.17545,0.62952,0.73706,9.55e-05,21.1
161,0.15720,nan,nan,9.09e-05,21.2
162,0.17272,0.63606,0.73542,8.65e-05,21.3
163,0.17032,nan,nan,8.21e-05,21.6
164,0.15299,0.65243,0.74666,7.78e-05,20.9
165,0.16925,nan,nan,7.37e-05,21.0
166,0.17245,0.61907,0.74338,6.96e-05,20.6
167,0.15868,nan,nan,6.57e-05,21.0
168,0.17357,0.64848,0.74084,6.18e-05,20.9
169,0.16425,nan,nan,5.81e-05,21.0
170,0.16370,0.63850,0.73156,5.45e-05,21.0
171,0.16387,nan,nan,5.10e-05,20.6
172,0.16071,0.62604,0.74654,4.76e-05,20.6
173,0.16734,nan,nan,4.43e-05,21.1
174,0.15803,0.64431,0.74301,4.11e-05,20.4
175,0.16563,nan,nan,3.81e-05,21.2
176,0.16565,0.63760,0.74251,3.51e-05,20.3
177,0.16552,nan,nan,3.23e-05,20.6
178,0.16752,0.62503,0.73688,2.96e-05,20.3
179,0.16186,nan,nan,2.70e-05,20.9
180,0.15806,0.62614,0.73423,2.45e-05,20.4
181,0.16375,nan,nan,2.21e-05,21.0
182,0.17397,0.62790,0.73565,1.99e-05,20.7
183,0.15862,nan,nan,1.77e-05,20.3
184,0.16199,0.63462,0.73813,1.57e-05,21.0
185,0.15803,nan,nan,1.38e-05,20.8
186,0.15918,0.63689,0.74251,1.20e-05,20.8
187,0.16658,nan,nan,1.04e-05,20.5
188,0.16733,0.63381,0.74133,8.86e-06,20.6
189,0.15690,nan,nan,7.45e-06,20.5
190,0.16557,0.63335,0.74048,6.16e-06,20.9
191,0.16521,nan,nan,4.99e-06,20.7
192,0.16366,0.63367,0.74044,3.94e-06,22.0
193,0.16925,nan,nan,3.02e-06,20.3
194,0.15754,0.63338,0.74021,2.22e-06,21.1
