feature,spearman_r,p_value,abs_corr,significant
original_glcm_JointEnergy,-0.9885,0.0,0.9884757789663802,True
original_glcm_JointEntropy,0.9867,0.0,0.9867362703364349,True
original_glcm_MaximumProbability,-0.9867,0.0,0.9867362703364349,True
original_gldm_GrayLevelVariance,0.9859,0.0,0.9858665160214624,True
original_firstorder_Energy,0.985,0.0,0.9849967617064898,True
original_firstorder_TotalEnergy,0.985,0.0,0.9849967617064898,True
original_gldm_SmallDependenceHighGrayLevelEmphasis,0.9846,0.0,0.9845618845490035,True
original_glrlm_RunEntropy,0.9833,0.0,0.9832572530765445,True
original_firstorder_RootMeanSquared,0.9815,0.0,0.9815177444465992,True
original_firstorder_MeanAbsoluteDeviation,0.9806,0.0,0.9806479901316266,True
original_firstorder_Variance,0.9806,0.0,0.9806479901316266,True
original_glrlm_HighGrayLevelRunEmphasis,0.9798,0.0,0.9797782358166541,True
original_glrlm_ShortRunHighGrayLevelEmphasis,0.9798,0.0,0.9797782358166541,True
original_ngtdm_Complexity,0.9767,0.0,0.9767340957142499,True
original_ngtdm_Contrast,0.9706,0.0,0.9706458155094415,True
original_glrlm_GrayLevelNonUniformityNormalized,-0.9698,0.0,0.969776061194469,True
original_glcm_SumEntropy,0.9693,0.0,0.9693411840369826,True
original_glszm_ZonePercentage,0.9689,0.0,0.9689063068794963,True
original_firstorder_Entropy,0.9685,0.0,0.9684714297220101,True
original_glrlm_ShortRunEmphasis,0.9685,0.0,0.9684714297220101,True
original_glszm_SizeZoneNonUniformity,0.9672,0.0,0.9671667982495511,True
original_firstorder_Uniformity,-0.9672,0.0,0.9671667982495511,True
original_glrlm_GrayLevelVariance,0.965,0.0,0.9649924124621196,True
original_gldm_HighGrayLevelEmphasis,0.9606,0.0,0.9606436408872565,True
original_glszm_ZoneEntropy,0.9602,0.0,0.9602087637297703,True
original_glrlm_LowGrayLevelRunEmphasis,-0.9541,0.0,0.9541204835249618,True
original_gldm_LowGrayLevelEmphasis,-0.9528,0.0,0.952815852052503,True
original_gldm_SmallDependenceEmphasis,0.9476,0.0,0.9475973261626671,True
original_glszm_LargeAreaLowGrayLevelEmphasis,-0.9472,0.0,0.9471624490051809,True
original_firstorder_Mean,0.9441,0.0,0.9441183089027766,True
original_firstorder_Skewness,-0.9432,0.0,0.9432485545878041,True
original_glszm_LowGrayLevelZoneEmphasis,-0.9346,0.0,0.934551011438078,True
original_firstorder_Kurtosis,-0.9337,0.0,0.9336812571231053,True
original_glszm_GrayLevelNonUniformity,0.9319,0.0,0.9319417484931601,True
original_ngtdm_Coarseness,-0.9228,0.0,0.9228093281859476,True
original_gldm_LargeDependenceHighGrayLevelEmphasis,0.915,0.0,0.9149815393511941,True
original_gldm_DependenceVariance,0.9119,0.0,0.9119373992487899,True
original_shape_LeastAxisLength,0.9111,0.0,0.9110676449338172,True
original_glcm_JointAverage,0.9041,0.0,0.9041096104140363,True
original_glcm_SumAverage,0.9041,0.0,0.9041096104140363,True
original_glcm_DifferenceEntropy,0.9032,0.0,0.9032398560990637,True
original_glcm_Autocorrelation,0.9024,0.0,0.902370101784091,True
original_firstorder_Maximum,0.9015,0.0,0.9015003474691183,True
original_firstorder_Range,0.9006,0.0,0.9006305931541458,True
original_gldm_LargeDependenceLowGrayLevelEmphasis,-0.9002,0.0,0.9001957159966595,True
original_glszm_LargeAreaEmphasis,-0.898,0.0,0.8980213302092279,True
original_glszm_ZoneVariance,-0.898,0.0,0.8980213302092279,True
original_glrlm_LongRunLowGrayLevelEmphasis,-0.8924,0.0,0.892367927161906,True
original_glszm_HighGrayLevelZoneEmphasis,0.8885,0.0,0.8884540327445292,True
original_glcm_ClusterShade,0.8841,0.0,0.884105261169666,True
original_glcm_ClusterProminence,0.8754,0.0,0.8754077180199399,True
original_glszm_GrayLevelNonUniformityNormalized,-0.8732,0.0,0.8732333322325083,True
original_glszm_SmallAreaHighGrayLevelEmphasis,0.8724,0.0,0.8723635779175358,True
original_shape_Flatness,0.8724,0.0,0.8723635779175358,True
original_glcm_ClusterTendency,0.8711,0.0,0.8710589464450768,True
original_glrlm_RunPercentage,0.8471,0.0,0.8471407027833299,True
original_gldm_DependenceEntropy,0.8454,0.0,0.8454011941533847,True
original_shape_Elongation,-0.8376,0.0,0.8375734053186311,True
original_firstorder_Minimum,-0.8373,0.0,0.837257087294408,True
original_glcm_SumSquares,0.8345,0.0,0.834529265216227,True
original_glszm_GrayLevelVariance,0.8258,0.0,0.8258317220665006,True
original_glcm_Imc1,0.8232,0.0,0.8232224591215829,True
original_gldm_LargeDependenceEmphasis,-0.8167,0.0,0.8166993017592881,True
original_glcm_Correlation,0.7915,0.0,0.7914764266250821,True
original_glrlm_LongRunEmphasis,-0.7797,0.0,0.7797347433729519,True
original_gldm_DependenceNonUniformityNormalized,-0.7615,0.0,0.761469902758527,True
original_glcm_DifferenceVariance,0.7597,0.0,0.7597303941285817,True
original_glcm_Id,-0.7449,0.0,0.7449445707740472,True
original_glcm_Idm,-0.7432,0.0,0.743205062144102,True
original_ngtdm_Busyness,0.7406,0.0,0.7405957991991841,True
original_glcm_Idmn,0.7254,0.0001,0.7253750986871633,True
original_glrlm_ShortRunLowGrayLevelEmphasis,-0.7154,0.0001,0.7153729240649782,True
original_glcm_DifferenceAverage,0.7136,0.0001,0.7136334154350329,True
original_glcm_Idn,0.7132,0.0001,0.7131985382775466,True
original_glcm_Contrast,0.7128,0.0001,0.7127636611200604,True
original_glszm_SmallAreaLowGrayLevelEmphasis,-0.6828,0.0002,0.6827571372535051,True
original_gldm_SmallDependenceLowGrayLevelEmphasis,-0.6793,0.0003,0.6792781199936145,True
original_glcm_Imc2,0.6715,0.0003,0.6714503311588609,True
original_glcm_MCC,-0.5971,0.0021,0.5970863372287021,True
original_shape_SurfaceVolumeRatio,-0.5893,0.0024,0.5892585483939485,True
original_glrlm_LongRunHighGrayLevelEmphasis,0.5084,0.0112,0.5083713971014951,True
original_glszm_LargeAreaHighGrayLevelEmphasis,-0.377,0.0693,0.37703849554062985,False
original_ngtdm_Strength,-0.3683,0.0766,0.36834095239090364,False
original_glcm_InverseVariance,-0.3162,0.1323,0.3161556934925466,False
original_glszm_SmallAreaEmphasis,0.1931,0.366,0.1930854579239212,False
original_glrlm_RunVariance,0.1479,0.4905,0.14785823354534505,False
original_glszm_SizeZoneNonUniformityNormalized,0.1439,0.5022,0.14394433912796825,False
original_shape_Maximum2DDiameterColumn,0.1361,0.526,0.13611655029321468,False
original_firstorder_10Percentile,-0.1055,0.6239,0.1054521064544387,False
original_firstorder_Median,-0.1055,0.6239,0.1054521064544387,False
original_firstorder_90Percentile,-0.1055,0.6239,0.1054521064544387,False
original_glrlm_RunLengthNonUniformityNormalized,0.0774,0.7192,0.07740813403256298,False
original_shape_Maximum2DDiameterRow,0.0713,0.7405,0.07131985382775467,False
original_glrlm_RunLengthNonUniformity,0.0713,0.7405,0.07131985382775467,False
original_shape_VoxelVolume,0.0618,0.7744,0.06175255636305587,False
original_shape_MeshVolume,0.0618,0.7744,0.06175255636305587,False
original_shape_Maximum2DDiameterSlice,0.0461,0.8306,0.04609697869354874,False
original_shape_Maximum3DDiameter,0.0461,0.8306,0.04609697869354874,False
original_shape_SurfaceArea,0.0461,0.8306,0.04609697869354874,False
original_shape_Sphericity,-0.0461,0.8306,0.04609697869354874,False
original_shape_MajorAxisLength,0.0444,0.8369,0.044357470063603514,False
original_shape_MinorAxisLength,0.0174,0.9357,0.017395086299452356,False
original_glrlm_GrayLevelNonUniformity,0.0174,0.9357,0.017395086299452356,False
original_gldm_DependenceNonUniformity,0.0174,0.9357,0.017395086299452356,False
original_gldm_GrayLevelNonUniformity,0.0174,0.9357,0.017395086299452356,False
original_firstorder_InterquartileRange,,,,False
original_firstorder_RobustMeanAbsoluteDeviation,,,,False
